Pos,P+,Artist,Points,Apple M,Spotify,iTunes,YouTube,Shazam,Deezer,Top Country,#
1,=,Taylor Swift,6451,3838,1943,371,67,59,173,Ireland,135
2,=,Billie Eilish,4765,2509,1647,157,145,120,187,Australia,151
3,=,Sabrina Carpenter,3409,1067,1385,206,358,152,240,United States,124
4,=,Feid,2211,857,984,0,227,62,81,Colombia,22
5,=,Bad Bunny,2079,1150,844,4,8,21,52,Mexico,40
6,+1,KAROL G,1918,477,883,64,328,39,128,Spain,34
7,-1,Kendrick Lamar,1850,1045,494,70,126,72,43,United States,146
8,=,Benson Boone,1760,437,718,164,167,138,135,Australia,116
9,+4,Dua Lipa,1729,812,530,243,33,45,67,United Kingdom,109
10,-1,Ariana Grande,1518,721,571,26,89,34,78,Indonesia,131
11,-1,Eminem,1458,448,467,179,219,81,64,United Kingdom,111
12,=,FloyyMenor,1453,341,474,27,384,156,71,Chile,114
13,-2,Jimin,1438,357,165,627,5,2,283,Myanmar,123
14,=,Cris Mj,1352,406,559,27,170,177,12,Chile,111
15,+5,Peso Pluma,1266,540,501,36,132,24,32,Mexico,32
16,-1,Hozier,1266,351,517,134,101,97,65,Australia,99
17,+1,Post Malone,1258,381,476,166,96,63,77,United States,97
18,-2,Teddy Swims,1253,260,422,183,154,113,120,United Kingdom,86
19,+2,Travis Scott,1241,671,502,11,29,21,7,United States,133
20,-1,Coldplay,1233,298,331,511,1,46,46,Switzerland,119
21,-4,The Weeknd,1221,426,661,16,17,46,55,Australia,120
22,+3,Chappell Roan,1154,467,489,80,8,46,64,United States,87
23,-1,NewJeans,1133,637,211,122,147,14,3,South Korea,23
24,-1,Shaboozey,1127,290,362,224,99,62,90,United States,71
25,+20,Imagine Dragons,1115,681,164,246,0,9,16,Switzerland,118
26,+1,LISA,1086,165,13,893,0,16,0,Thailand,75
27,-1,Charli XCX,1068,565,417,38,0,2,46,Australia,98
28,-4,SZA,1032,428,473,20,21,9,79,United States,95
29,-1,Metro Boomin,1028,808,199,3,0,16,1,United States,136
30,+26,Camila Cabello,1017,879,6,114,0,1,18,Brazil,143
31,-2,Tommy Richman,994,306,352,38,130,136,31,United States,113
32,=,Ed Sheeran,979,249,159,503,31,15,21,Malta,138
33,-3,Future,963,757,136,9,38,18,6,United States,132
34,+5,Gracie Abrams,945,556,355,23,0,5,6,Australia,99
35,-2,Trueno,902,187,507,12,138,28,30,Argentina,20
36,+4,Drake,898,692,155,34,10,2,4,United States,109
37,-2,Morgan Wallen,881,295,443,60,45,23,16,United States,54
38,-1,Rauw Alejandro,870,339,468,5,23,30,4,Spain,29
39,-5,BeyoncÃ©,868,416,151,175,32,11,82,Netherlands,128
40,-4,Ayra Starr,860,520,124,12,117,66,21,Nigeria,88
41,-3,Artemas,851,178,305,56,161,88,63,Germany,91
42,+2,Central Cee,829,360,187,25,164,75,19,United Kingdom,123
43,+4,Bruno Mars,825,135,378,307,0,3,2,Indonesia,106
44,-3,Myke Towers,812,271,381,0,107,22,31,Spain,23
45,-3,Jung Kook,807,236,314,117,20,7,114,Thailand,88
46,+9,David Guetta,794,111,299,235,43,62,43,Germany,105
47,+1,Zach Bryan,774,239,363,49,30,9,83,Canada,21
48,-5,Olivia Rodrigo,763,332,378,11,0,3,40,Australia,82
49,-18,Don Toliver,761,572,177,1,4,4,3,United States,123
50,-4,Chris Brown,745,527,63,47,51,49,8,South Africa,107
51,=,Adele,744,147,67,504,3,13,10,Netherlands,124
52,-2,Geolier,732,213,306,17,186,9,1,Italy,5
53,=,aespa,726,393,193,23,106,9,3,South Korea,30
54,-5,Lana Del Rey,709,421,247,5,4,29,2,Brazil,99
55,-3,Luke Combs,692,277,319,69,14,5,7,Canada,22
56,+9,Karan Aujla,681,361,118,38,162,2,0,India,37
57,-3,Gunna,680,508,155,8,0,8,1,United States,112
58,=,Loco,663,94,0,568,0,0,0,Brazil,116
59,+1,Harry Styles,641,112,437,26,0,9,57,Australia,89
60,+1,Disturbed,592,61,99,154,145,89,43,France,65
61,-2,Lil Baby,588,410,96,18,0,64,0,United States,120
62,+4,Jaxomy,568,56,125,105,215,42,23,Germany,60
63,-6,Arijit Singh,566,206,292,38,24,5,0,India,15
64,+8,OneRepublic,562,104,186,168,15,79,11,Germany,65
65,-3,Pritam,560,198,315,26,21,1,0,India,14
66,+1,Mrs. GREEN APPLE,552,163,320,63,0,5,1,Japan,2
67,+90,Megan Thee Stallion,547,483,3,58,0,2,1,United States,124
68,=,Anuel AA,538,268,201,8,28,28,5,Spain,24
69,+13,Burna Boy,526,429,33,30,2,22,11,Nigeria,67
70,-1,Myles Smith,518,132,193,72,52,42,27,United Kingdom,56
71,-8,Dasha,515,87,231,78,55,46,18,Australia,34
72,-1,CYRIL,503,65,185,97,54,55,48,France,46
73,-3,Jul,502,291,164,4,27,8,7,France,11
74,=,Fuerza Regida,501,177,198,4,101,3,19,Mexico,18
75,+9,Kygo,497,205,228,33,0,16,16,Sweden,84
76,-12,Asake,495,392,59,6,0,28,11,Nigeria,46
77,-1,Maluma,486,152,198,10,95,14,17,Colombia,25
78,-3,Noah Kahan,484,136,197,50,24,13,63,Canada,23
79,+1,Rvssian,472,158,156,2,111,25,20,Spain,51
80,-2,Junior H,464,207,197,7,38,7,8,Mexico,11
81,+2,å¨æ°ä¼¦,461,461,0,0,0,0,0,China,1
82,+6,Natanael Cano,453,178,169,12,77,6,11,Mexico,12
83,-4,Tyla,444,217,121,5,37,23,41,South Africa,90
84,-3,Ninho,444,362,71,3,0,3,6,France,18
85,+1,Rihanna,443,133,205,78,11,10,6,Australia,107
86,+3,Grupo Frontera,440,53,220,0,126,8,33,Mexico,20
87,-10,Frank Ocean,436,219,202,10,0,2,3,United States,86
88,-1,Dei V,434,145,246,3,21,16,3,Spain,20
89,+4,Davido,429,282,21,42,20,49,15,Nigeria,49
90,+27,Olamide,425,320,65,1,17,7,15,Nigeria,57
91,-6,Tate McRae,422,156,206,0,7,10,43,Australia,70
92,-1,Jere Klein,421,36,218,0,149,4,14,Chile,9
93,-1,Adam Port,420,152,115,25,23,80,25,Romania,69
94,-21,Tems,420,349,50,5,2,9,6,Nigeria,74
95,-5,Djo,414,74,232,14,14,48,32,Indonesia,76
96,=,GIMS,410,127,100,25,80,50,27,France,55
97,-3,Arctic Monkeys,403,82,283,22,8,0,7,United Kingdom,77
98,=,Calvin Harris,395,25,222,133,0,10,5,Netherlands,96
99,=,One Direction,394,6,102,284,0,1,0,Indonesia,90
100,+47,ANNA,391,233,85,34,36,3,1,Italy,5
101,-4,Mark Ambor,389,72,167,67,32,36,15,Netherlands,43
102,+7,Lady Gaga,388,74,185,83,1,37,7,Germany,91
103,+148,Big Baby Tape,384,371,8,6,0,0,0,Russia,29
104,+10,Kabza De Small,381,282,24,20,34,21,0,South Africa,12
105,=,Blessd,379,183,77,0,68,43,8,Colombia,21
106,+148,Aarne,377,349,22,6,0,0,0,Russia,29
107,-7,J Abdiel,371,75,115,0,143,35,3,Colombia,20
108,-1,Emilia,369,95,203,7,33,17,15,Argentina,11
109,-6,Werenoi,368,159,160,0,39,3,8,France,15
110,+41,Kman 6ixx,365,349,0,4,12,0,0,Trinidad and Tobago,17
111,-9,iZaak,364,78,137,0,116,30,4,Spain,19
112,=,Shakira,361,51,209,36,58,3,4,Mexico,53
113,-9,Kanye West,359,230,120,6,0,0,3,Canada,88
114,-3,Manuel Turizo,358,69,254,15,0,10,10,Spain,25
115,-9,V,356,126,115,21,0,0,93,Nepal,40
116,-8,Mora,354,173,169,0,4,3,5,Spain,18
117,-7,Miley Cyrus,350,109,109,44,14,8,66,Australia,70
118,NEW,James Blake,338,331,0,5,0,3,0,Switzerland,94
119,-24,Red Velvet,336,257,14,46,16,1,2,Thailand,56
120,NEW,Lil Yachty,335,330,0,5,0,0,0,Switzerland,96
121,-5,Young Miko,330,111,185,0,17,10,7,Argentina,19
122,-21,BABYMONSTER,325,167,51,8,91,8,0,Taiwan,26
123,-2,BINI,323,41,180,6,89,5,1,Philippines,6
124,=,Luis R Conriquez,316,65,116,8,101,15,12,Mexico,19
125,+6,Dadju,316,188,48,5,53,9,14,France,24
126,-4,Keinemusik,315,153,57,25,0,80,0,Switzerland,67
127,-14,Pashanim,315,149,158,0,4,1,2,Germany,6
128,-13,Christian Nodal,313,6,139,0,162,4,2,Chile,17
129,-4,Stryv,310,149,57,25,0,79,0,Switzerland,67
130,-4,Malachiii,310,149,57,25,0,79,0,Switzerland,67
131,-4,Orso,310,149,57,25,0,79,0,Switzerland,67
132,-2,Plan B,310,0,305,3,1,0,1,Chile,21
133,-10,Lvbel C5,306,81,117,42,54,7,5,Turkey,5
134,-16,RajahWild,306,270,0,3,33,0,0,Trinidad and Tobago,17
135,-16,NAYEON,305,111,63,18,110,3,1,Japan,37
136,-1,Semicenk,302,110,112,16,49,7,8,Turkey,5
137,-17,BTS,302,64,183,36,0,1,18,Japan,49
138,-4,Luck Ra,301,22,160,0,95,7,18,Argentina,7
139,-1,Ultimo,301,93,124,54,28,2,0,Italy,2
140,-8,Tony Effe,299,75,130,31,54,5,4,Italy,4
141,-12,Pitbull,297,3,132,144,12,6,0,Canada,81
142,-14,Camilo,296,51,159,0,63,11,12,Spain,18
143,+3,Jordan Adetunji,292,136,60,0,35,58,4,United States,78
144,-7,Masicka,291,210,0,3,57,12,9,Jamaica,43
145,-5,ILLIT,290,101,73,41,62,14,0,Japan,30
146,+9,TitoM,285,122,10,2,91,52,9,South Africa,45
147,+1,Justin Bieber,283,119,128,24,4,6,3,Indonesia,64
148,-7,P!nk,282,29,21,196,23,10,4,Ireland,78
149,+3,TiÃ«sto,279,43,158,47,0,27,4,Germany,56
150,-5,SAIKO,279,82,141,3,38,10,5,Spain,13
151,-15,The Neighbourhood,278,5,254,0,2,16,1,Poland,66
152,-13,sanah,278,40,119,1,105,3,10,Poland,2
153,+18,Ozuna,277,136,90,29,6,9,5,Spain,29
154,+16,Joost,275,53,88,54,72,1,7,Netherlands,18
155,+3,Shenseea,272,136,12,6,100,17,1,Suriname,55
156,-14,Diljit Dosanjh,270,130,128,8,3,1,0,India,11
157,+57,The Kid LAROI,269,80,133,35,0,20,1,Australia,55
158,-25,LINKIN PARK,267,52,163,45,3,1,3,Germany,62
159,+17,Agatino Romero,266,56,63,105,0,42,0,Germany,46
160,+18,Raffaella CarrÃ,266,56,63,105,0,42,0,Germany,46
161,-8,Don Omar,266,12,214,8,12,14,5,Chile,59
162,-3,Gazo,265,154,65,4,31,3,8,France,17
163,+6,Katy Perry,264,29,219,13,0,1,1,Philippines,42
164,-10,Carin Leon,262,0,228,0,14,4,18,Mexico,18
165,=,Omah Lay,262,185,23,5,13,20,16,Nigeria,41
166,-2,Xavi,259,29,107,7,97,4,14,Mexico,18
167,-11,Aventura,259,29,181,1,43,3,1,Chile,22
168,-8,Sfera Ebbasta,258,106,135,6,10,1,1,Italy,3
169,-3,Tainy,258,150,96,1,0,8,2,Mexico,21
170,-8,Tiago PZK,250,31,114,0,75,13,16,Argentina,13
171,-10,Rema,245,111,27,27,10,20,50,Nigeria,71
172,-22,CÃ©line Dion,245,146,3,94,0,2,0,United Kingdom,78
173,-29,twenty one pilots,242,193,25,22,0,1,0,United States,77
174,+6,Los Ãngeles Azules,242,22,90,4,114,13,0,Argentina,11
175,=,Valiant,241,192,0,4,43,0,3,Guyana,18
176,+5,Daft Punk,241,24,10,200,0,1,6,Brazil,102
177,+9,Sia,238,28,32,158,1,4,16,India,107
178,+38,Maria Becerra,237,44,110,14,55,11,4,Argentina,14
179,+9,Keblack,236,77,60,5,65,10,19,France,20
180,-8,RIIZE,235,143,53,9,27,3,0,South Korea,15
181,+1,Boza,235,56,77,0,68,23,11,Panama,20
182,-8,Quevedo,234,83,130,1,12,4,4,Spain,19
183,+47,Kelvin Momo,234,201,22,0,3,8,0,South Africa,6
184,+13,Playboi Carti,233,164,35,3,15,11,5,United States,83
185,+20,Franglish,233,91,52,10,55,10,14,France,22
186,-2,Fleetwood Mac,233,97,102,25,0,1,8,Australia,29
187,-14,SDM,232,150,54,0,18,7,3,France,15
188,+2,YOASOBI,231,83,98,21,26,0,3,Japan,8
189,+34,Mc IG,231,32,121,0,67,7,3,Brazil,4
190,-11,Mahalini,231,60,121,12,35,2,0,Indonesia,2
191,+20,ZERB,230,37,82,28,14,60,8,Germany,46
192,-5,Doja Cat,230,75,109,1,8,8,28,Australia,71
193,+28,AC/DC,229,59,87,76,0,1,6,Switzerland,50
194,-31,Gabito Ballesteros,227,106,95,11,8,4,3,Mexico,9
195,-1,Tayc,227,150,33,12,17,10,5,France,29
196,-19,Fally Ipupa,225,139,0,6,47,28,5,Cameroon,18
197,+6,Marshmello,222,44,112,17,2,12,36,Canada,48
198,-2,Tiakola,221,172,38,4,0,5,2,France,16
199,-32,Anirudh Ravichander,221,105,88,22,0,6,0,India,14
200,-15,Monetochka,218,89,81,4,36,8,0,Belarus,19
201,-,Jhayco,218,143,67,0,0,8,0,Spain,20
202,-,JENNIE,216,75,71,17,17,36,0,South Korea,84
203,-,Lee Young Ji,216,94,30,34,46,11,0,Taiwan,17
204,+,Byron Messia,214,183,0,2,25,5,0,Saint Kitts and Nevis,26
205,-,Kidd Voodoo,214,29,134,0,36,6,8,Chile,1
206,-,Tarkan,214,90,57,34,25,1,6,Turkey,7
207,-,Heuss L'enfoirÃ©,213,102,69,0,25,5,13,France,10
208,-,TWS,213,93,7,12,98,3,0,Indonesia,17
209,+,Rammstein,213,118,50,31,3,9,2,Belgium,35
210,=,Romeo Santos,213,28,134,35,14,0,0,Dominican Republic,21
211,-,Charlie Puth,210,12,68,112,7,10,2,Singapore,100
212,+,Baby Lullaby Academy,208,208,0,0,0,0,0,Indonesia,52
213,-,Yandel,207,131,54,1,1,12,9,Colombia,19
214,+,Babasha,206,35,43,1,122,5,2,Romania,10
215,-,21 Savage,206,140,53,3,8,2,1,United States,75
216,-,PARTYNEXTDOOR,206,183,8,6,6,2,0,United States,52
217,-,Bring Me The Horizon,206,160,35,6,0,0,4,Indonesia,53
218,+,Badshah,205,73,82,32,15,2,0,India,13
219,-,Miyagi,204,140,31,2,17,11,1,Russia,16
220,+,å¨æ°å«,203,203,0,0,0,0,0,Taiwan,4
221,+,Mthunzi,203,177,10,4,2,11,0,South Africa,10
222,-,SEVENTEEN,203,54,126,1,19,2,0,Indonesia,17
223,-,Henrique & Juliano,202,24,175,0,0,0,4,Brazil,2
224,-,$uicideboy$,202,111,86,1,4,0,0,United States,39
225,+,Juicy Luicy,201,91,74,34,0,3,0,Indonesia,2
226,-,Vance Joy,201,26,169,2,0,1,3,Australia,35
227,=,Morat,201,25,168,0,0,1,6,Colombia,17
228,-,ATL Jacob,200,97,81,0,0,21,0,Colombia,22
229,-,Tom Odell,199,58,83,14,0,30,15,Netherlands,74
230,+,UZI,198,63,120,0,12,1,2,Turkey,6
231,-,Ruger,198,132,24,0,6,21,14,Nigeria,28
232,+,Basta,196,103,7,47,12,28,0,Russia,23
233,+,Dimitri Vegas,196,23,82,19,50,18,3,Germany,35
234,-,A.R. Rahman,195,110,32,46,3,4,0,India,12
235,+,Like Mike,192,21,82,19,50,18,2,Germany,34
236,-,AYLIVA,191,57,83,14,25,7,5,Germany,4
237,+,Sevdaliza,191,39,41,47,40,16,7,Brazil,25
238,NEW,Nickelback,190,24,20,144,0,2,0,Canada,31
239,-,RACK,190,87,99,0,0,4,0,Greece,2
240,-,Voyage,189,82,6,0,79,0,22,Serbia,13
241,-,Victony,188,145,28,1,3,3,8,Nigeria,35
242,-,Apache 207,187,81,64,30,2,7,3,Germany,5
243,+,DYSTINCT,187,95,43,21,0,27,2,France,29
244,-,Shubh,187,66,116,2,2,1,0,India,3
245,-,Rels B,186,66,113,0,5,1,1,Spain,16
246,-,ArcÃ¡ngel,185,95,43,0,43,3,0,Colombia,16
247,-,back number,185,42,140,2,0,0,0,Japan,1
248,NEW,Galena,183,63,32,3,45,9,31,Bulgaria,3
249,-,ANNA ASTI,181,126,15,7,33,0,0,Russia,14
250,=,Becky G,180,0,65,1,99,9,6,Chile,34
251,+,Nicki Nicole,179,29,121,0,18,8,3,Argentina,14
252,+,Michael Jackson,179,45,12,101,16,0,4,Mexico,99
253,=,cassÃ¶,178,37,107,4,14,10,7,United Kingdom,29
254,-,Eladio CarriÃ³n,178,85,91,0,2,0,0,Dominican Republic,16
255,NEW,Naps,178,88,71,1,11,1,5,France,7
256,-,Lost Frequencies,177,3,127,34,0,9,5,Netherlands,38
257,-,MC å¼µå¤©è³¦,176,136,40,1,0,0,0,Hong Kong,2
258,NEW,Tyler ICU,176,119,13,8,15,21,0,South Africa,16
259,NEW,Dardan,176,132,23,3,19,0,0,Germany,9
260,+,Naza,176,132,34,1,0,5,3,France,17
261,NEW,DJ Maphorisa,175,118,8,12,18,19,0,South Africa,17
262,-,Azahriah,175,60,75,0,18,1,21,Hungary,1
263,-,J. Cole,175,120,43,6,2,2,1,South Africa,60
264,-,Era7capone,174,34,98,7,26,7,2,Turkey,3
265,+,GÃ¼lÅen,174,48,87,19,18,2,0,Turkey,2
266,+,BoyPee,173,101,7,2,8,51,4,Nigeria,24
267,-,The Chainsmokers,173,23,59,75,0,16,0,Singapore,74
268,NEW,Leemckrazy,172,106,12,12,10,31,0,South Africa,15
269,-,PLK,172,60,95,1,13,2,1,France,4
270,-,Vishal Mishra,172,80,70,2,20,0,0,India,10
271,-,Ãscar Maydon,171,111,0,10,40,5,5,Mexico,9
272,-,Sachin-Jigar,171,77,89,1,0,4,0,India,11
273,+,Roxy Dekker,171,48,71,30,17,2,3,Netherlands,2
274,-,Lewis Capaldi,171,33,113,12,0,6,7,Australia,43
275,NEW,Omar Montes,170,48,60,10,43,5,3,Spain,2
276,+,Brown Joel,169,101,7,2,3,51,5,Nigeria,24
277,NEW,K.I.Z,169,73,84,6,5,0,0,Germany,4
278,-,Bnxn,168,129,18,5,0,13,3,Nigeria,28
279,-,Seyi Vibez,167,115,39,0,8,5,0,Nigeria,22
280,-,VAUNDY,166,44,96,12,11,2,1,Japan,3
281,-,Tedua,166,60,98,2,4,0,1,Italy,2
282,-,The La Planta,166,22,86,0,33,16,8,Argentina,7
283,-,Hande Yener,165,30,114,5,12,4,0,Turkey,2
284,NEW,Omar Apollo,165,161,0,4,0,0,0,United States,60
285,NEW,Luis Alfonso,165,37,23,0,90,9,6,Colombia,3
286,NEW,Baco Exu do Blues,165,75,89,0,0,0,0,Brazil,5
287,-,RM,164,120,26,3,0,0,16,Venezuela,37
288,NEW,GloRilla,164,73,25,5,54,6,1,United States,19
289,-,Rvfv,164,23,77,0,58,5,0,Spain,6
290,-,Los Temerarios,164,0,77,0,82,1,4,Guatemala,8
291,-,Ofenbach,163,12,101,18,7,17,9,Germany,30
292,-,Jungeli,163,47,34,7,55,12,7,France,20
293,+,Jelly Roll,162,8,5,92,16,5,37,United States,19
294,-,Cigarettes After Sex,162,76,78,0,0,3,5,Saudi Arabia,47
295,-,Bizarrap,161,59,74,2,13,1,13,Mexico,19
296,-,Lucky Brown,161,9,82,0,66,2,2,Chile,3
297,NEW,Yuppe,161,104,5,2,0,50,0,South Africa,42
298,-,Morad,161,42,50,2,53,10,4,Spain,21
299,-,Mesita,161,14,72,0,66,3,5,Argentina,8
300,NEW,JuliÃ³n Ãlvarez y su NorteÃ±o Banda,159,14,131,11,0,4,0,Mexico,9
