,0,1,2,3,4,5
0,@instagram,Instagram,,673,Social media platform,United States
1,@cristiano,Cristiano Ronaldo,,632,Footballer,Portugal
2,@leomessi,Lionel Messi,,503,Footballer,Argentina
3,@selenagomez,Selena Gomez,,426,Musician and actress,United States
4,@kyliejenner,Kylie Jenner,,399,Media personality,United States
5,@therock,Dwayne Johnson,,396,Actor and professional wrestler,United States
6,@arianagrande,Ariana Grande,,378,Musician and actress,United States
7,@kimkardashian,Kim Kardashian,,362,Media personality,United States
8,@beyonce,Beyoncé,,318,Musician and actress,United States
9,@khloekardashian,Khloé Kardashian,,308,Media personality,United States
10,@nike,Nike,,305,Sportswear multinational,United States
11,@kendalljenner,Kendall Jenner,,293,Media personality,United States
12,@justinbieber,Justin Bieber,,293,Musician,Canada
13,@taylorswift,Taylor Swift,,283,Musician,United States
14,@natgeo,National Geographic,,282,Magazine,United States
15,@virat.kohli,Virat Kohli,,269,Cricketer,India
16,@jlo,Jennifer Lopez,,252,Musician and actress,United States
17,@nickiminaj,Nicki Minaj,,229,Musician,United StatesTrinidad and Tobago
18,@kourtneykardash,Kourtney Kardashian,,223,Media personality,United States
19,@neymarjr,Neymar,,222,Footballer,Brazil
20,@mileycyrus,Miley Cyrus,,216,Musician and actress,United States
21,@katyperry,Katy Perry,,206,Musician,United States
22,@zendaya,Zendaya,,183,Actress and singer,United States
23,@kevinhart4real,Kevin Hart,,179,Comedian and actor,United States
24,@iamcardib,Cardi B,,167,Musician and actress,United States
25,@realmadrid,Real Madrid CF,,162,Football club,Spain
26,@kingjames,LeBron James,,159,Basketball player,United States
27,@ddlovato,Demi Lovato,,156,Musician and actress,United States
28,@badgalriri,Rihanna,,151,Musician,Barbados
29,@champagnepapi,Drake,,146,Musician,CanadaUnited States
30,@chrisbrownofficial,Chris Brown,,145,Musician,United States
31,@ellendegeneres,Ellen DeGeneres,,138,Comedian and television host,United States
32,@fcbarcelona,FC Barcelona,,127,Football club,Spain
33,@billieeilish,Billie Eilish,,119,Musician,United States
34,@k.mbappe,Kylian Mbappé,,118,Footballer,France
35,@championsleague,UEFA Champions League,,115,Club football competition,Europe
36,@gal_gadot,Gal Gadot,,108,Actress,Israel
37,@lalalalisa_m,Lisa,,103,Musician,Thailand
38,@vindiesel,Vin Diesel,,102,Actor,United States
39,@nasa,NASA,,97.8,Space agency,United States
40,@priyankachopra,Priyanka Chopra,,91.3,Actress,India
41,@narendramodi,Narendra Modi,,90.8,Prime Minister of India,India
42,@shakira,Shakira,,90.5,Musician,Colombia
43,@shraddhakapoor,Shraddha Kapoor,,90,Actress,India
44,@nba,NBA,,88.3,Professional basketball league,United StatesCanada
45,@dualipa,Dua Lipa,,88.1,Musician,United KingdomAlbania
46,@davidbeckham,David Beckham,,88,Former footballer,United Kingdom
47,@snoopdogg,Snoop Dogg,,87.5,Musician,United States
48,@jennierubyjane,Jennie,,84.9,Musician,South Korea
49,@aliaabhatt,Alia Bhatt,,84.8,Actress,United KingdomIndia
