,0,1,2,3,4,5
0,1.,Instagram,673470053 [673.47 M],95,Company,United States of America
1,2.,Cristiano Ronaldo,632456887 [632.46 M],574,FootballerAthlete,Portugal
2,3.,Lionel (Leo) Messi,503436205 [503.44 M],321,FootballerAthlete,Argentina
3,4.,Selena Gomez,426858056 [426.86 M],307,MusicianActressBusinesswoman,United States of America
4,5.,Kylie Jenner,399194496 [399.19 M],97,ModelBusinesswomanTelevision Personality,United States of America
5,6.,Dwayne Johnson,396958844 [396.96 M],0,ActorProfessional Wrestler,United States of America
6,7.,Ariana Grande,378681254 [378.68 M],748,MusicianActressActress,United States of America
7,8.,Kim Kardashian,362154731 [362.15 M],325,Television PersonalityModelBusinesswoman,United States of America
8,9.,Beyonce,318206183 [318.21 M],1,Musician,United States of America
9,10.,Khloe Kardashian,308578100 [308.58 M],119,Television PersonalityModel,United States of America
10,11.,Nike,305936432 [305.94 M],187,Company,United States of America
11,12.,Justin Bieber,293421242 [293.42 M],779,Musician,Canada
12,13.,Kendall Jenner,293027949 [293.03 M],243,ModelTelevision Personality,United States of America
13,14.,Taylor Swift,283695403 [283.7 M],0,Musician,United States of America
14,15.,National Geographic,282923257 [282.92 M],159,Magazine,United States of America
15,16.,Virat Kohli,269204731 [269.2 M],302,CricketerAthlete,India
16,17.,Jennifer Lopez,252370010 [252.37 M],1513,MusicianActress,United States of America
17,18.,Nicki Minaj,229150929 [229.15 M],676,MusicianActress,Trinidad and Tobago
18,19.,Kourtney Kardashian,223079696 [223.08 M],151,Television PersonalityModel,United States of America
19,20.,Neymar,222202786 [222.2 M],1791,FootballerAthlete,Brazil
20,21.,Miley Cyrus,216136950 [216.14 M],281,MusicianActress,United States of America
21,22.,Katy Perry,206655833 [206.66 M],759,Musician,United States of America
22,23.,Zendaya,183840459 [183.84 M],0,ActressMusician,United States of America
23,24.,Kevin Hart,179774681 [179.77 M],1098,ComedianActor,United States of America
24,25.,Cardi B,167098595 [167.1 M],3435,Musician,United States of America
25,26.,Real Madrid CF,162817918 [162.82 M],57,Football Club,Spain
26,27.,LeBron James,159671302 [159.67 M],433,Basketball PlayerAthlete,United States of America
27,28.,Demi Lovato,156178812 [156.18 M],848,MusicianActress,United States of America
28,29.,Rihanna,151430746 [151.43 M],1634,MusicianBusinesswoman,Barbados
29,30.,Drake,146163750 [146.16 M],3283,Musician,Canada
30,31.,Chris Brown,145035777 [145.04 M],3,Musician,United States of America
31,32.,Ellen DeGeneres,138909692 [138.91 M],396,ComedianTelevision Personality,United States of America
32,33.,FC Barcelona,127723612 [127.72 M],90,Football Club,Spain
33,34.,Billie Eilish,119281590 [119.28 M],0,Musician,United States of America
34,35.,Kylian Mbappe,118796305 [118.8 M],431,FootballerAthlete,France
35,36.,UEFA Champions League,115594539 [115.59 M],496,Club Football Competition,Europe
36,37.,Gal Gadot,108736075 [108.74 M],1190,ActressModel,Israel
37,38.,Lisa,103366382 [103.37 M],0,Musician,Thailand
38,39.,Vin Diesel,102779141 [102.78 M],84,Actor,United States of America
39,40.,NASA,97870436 [97.87 M],77,Space Agency,United States of America
40,41.,Priyanka Chopra,91404203 [91.4 M],777,ActressMusician,India
41,42.,Narendra Modi,90835844 [90.84 M],0,Politician,India
42,43.,Shakira,90539980 [90.54 M],169,Musician,Colombia
43,44.,Shraddha Kapoor,90119091 [90.12 M],860,Actress,India
44,45.,NBA,88347837 [88.35 M],1162,Professional Basketball League,United States of America
45,46.,Dua Lipa,88126745 [88.13 M],4,Musician,United Kingdom
46,47.,David Beckham,88031560 [88.03 M],619,FootballerAthlete,United Kingdom
47,48.,Snoop Dogg,87551566 [87.55 M],7499,Musician,United States of America
48,49.,Jennie,84913827 [84.91 M],0,SingerRapper,South Korea
49,50.,Alia Bhatt,84836020 [84.84 M],539,Actress,India
50,51.,Khaby Lame,81217230 [81.22 M],950,GamerTikToker,Senegal
51,52.,Katrina Kaif,80080698 [80.08 M],553,Actress,India
52,53.,Deepika Padukone,79477874 [79.48 M],197,Actress,India
53,54.,Jisoo,78751559 [78.75 M],0,Singer,South Korea
54,55.,Neha Kakkar,78681517 [78.68 M],365,Singer,India
55,56.,Rose,78329802 [78.33 M],0,Singer,New Zealand
56,57.,Gigi Hadid,77854062 [77.85 M],1515,Model,United States of America
57,58.,Karim Benzema,76821496 [76.82 M],9,FootballerAthlete,France
58,59.,Ronaldo de Assis Moreira,76410885 [76.41 M],558,FootballerAthlete,Brazil
59,60.,Raffi Ahmad,76022304 [76.02 M],6937,Media Personality,Indonesia
60,61.,Victoria's Secret,75992408 [75.99 M],199,Lingerie Brand,United States of America
61,62.,BTS Official,75025843 [75.03 M],10,Boy Band,South Korea
62,63.,Abel Makkonen Tesfaye,74940581 [74.94 M],7,SingerSongwriterRecord Producer,Canada
63,64.,Premier League,74728980 [74.73 M],35,Football League,United Kingdom
64,65.,Emma Watson,74661142 [74.66 M],106,Actress,United Kingdom
65,66.,433,73810221 [73.81 M],3483,Community,Netherlands
66,67.,Justin Timberlake,72649357 [72.65 M],1295,MusicianActor,United States of America
67,68.,Shawn Mendes,72333070 [72.33 M],1580,Musician,Canada
68,69.,Urvashi Rautela,72247733 [72.25 M],75,Actress,India
69,70.,Jacqueline Fernandez,70196361 [70.2 M],1319,Actress,India
70,71.,Karol G,69499477 [69.5 M],1375,SingerSongwriter,Colombia
71,72.,WIll Smith,69370321 [69.37 M],269,Singer,United States of America
72,73.,Salman Khan,68854698 [68.85 M],39,Actor,India
73,74.,Marcelo Vieira,68095643 [68.1 M],2249,FootballerAthlete,Brazil
74,75.,Akshay Kumar,67738803 [67.74 M],6,Actor,India
75,76.,Anushka Sharma,67663208 [67.66 M],631,Actress,India
76,77.,Marvel Entertainment,65974680 [65.97 M],191,Entertainment Company,United States of America
77,78.,Kim Tae-hyung (V),65695474 [65.7 M],6,SingerSongwriter,South Korea
78,79.,Tom Holland,65536272 [65.54 M],323,Actor,United Kingdom
79,80.,Camila Cabello,65255084 [65.26 M],1172,SingerSongwriter,Cuba
80,81.,Anitta,64642179 [64.64 M],2278,Singer,Brazil
81,82.,Paris Saint-Germain,64486561 [64.49 M],127,Football Club,France
82,83.,Zlatan Ibrahimovic,64294829 [64.29 M],24,FootballerAthlete,Sweden
83,84.,Maluma,64102976 [64.1 M],283,Musician,Colombia
84,85.,Manchester United,63913788 [63.91 M],145,Football Club,United Kingdom
85,86.,Sergio Ramos,63686795 [63.69 M],1761,FootballerAthlete,Spain
86,87.,Millie Bobby Brown,63460602 [63.46 M],865,Actress,United Kingdom
87,88.,Mohamed Salah,63253857 [63.25 M],226,FootballerAthlete,Egypt
88,89.,Leonardo DiCaprio,61834547 [61.83 M],189,Actor,United States of America
89,90.,Zara,61825915 [61.83 M],143,FashionCompany,Spain
90,91.,Zac Efron,61715999 [61.72 M],293,Actor,United States of America
91,92.,Paul Labile Pogba,61547204 [61.55 M],213,FootballerAthlete,France
92,93.,Disha Patani,61393477 [61.39 M],166,Actress,India
93,94.,Bella Hadid,61321595 [61.32 M],904,Model,United States of America
94,95.,Juventus,60455017 [60.46 M],78,Football Club,Italy
95,96.,Georgina Rodríguez,59719569 [59.72 M],1045,Social Media InfluencerModel,Spain
96,97.,Whindersson Nunes,59464304 [59.46 M],2265,Comedian,Brazil
97,98.,Chris Hemsworth,59303423 [59.3 M],616,Actor,Australia
98,99.,Joko Widodo,58725205 [58.73 M],0,PoliticianBusinessman,Indonesia
99,100.,Kriti Sanon,57949309 [57.95 M],390,Actress,India
