,0,1,2,3,4
0,@elonmusk,Elon Musk,184.9,Business magnate and owner of X,
1,@BarackObama,Barack Obama,131.7,44th President of the United States,
2,@Cristiano,Cristiano Ronaldo,111.2,Football player,
3,@justinbieber,Justin Bieber,110.7,Musician,
4,@rihanna,Rihanna,107.9,Musician,
5,@katyperry,Katy Perry,106.3,Musician,
6,@narendramodi,Narendra Modi,99.3,14th Prime Minister of India,
7,@taylorswift13,Taylor Swift,95.2,Musician,
8,@realDonaldTrump,Donald Trump,87.1,45th President of the United States,
9,@ladygaga,Lady Gaga,83.2,Musician and actress,
10,@YouTube,YouTube,80.6,Online video sharing platform,
11,@NASA,NASA,80.5,Space agency,
12,@KimKardashian,Kim Kardashian,75.1,Television personality,
13,@EllenDeGeneres,Ellen DeGeneres,74.2,Comedian and television host,
14,@X,X,67.6,Operator of platform,
15,@selenagomez,Selena Gomez,66.1,Musician and actress,
16,@BillGates,Bill Gates,64.6,Businessman and philanthropist,
17,@cnnbrk,CNN Breaking News,63.8,News channel,
18,@neymarjr,Neymar,63.4,Football player,
19,@imVkohli,Virat Kohli,63.2,Cricket player,
20,@CNN,CNN,62.3,News channel,
21,@jtimberlake,Justin Timberlake,60.7,Musician and actor,
22,@PMOIndia,PMO India,56,Office of the Prime Minister of India,
23,@nytimes,The New York Times,55.1,Newspaper,
24,@britneyspears,Britney Spears,54.6,Musician,
25,@shakira,Shakira,53.4,Musician,
26,@KingJames,LeBron James,52.8,Basketball player,
27,@ddlovato,Demi Lovato,52.4,Musician and actress,
28,@espn,ESPN,51.8,Sports channel,
29,@BBCBreaking,BBC Breaking News,51.6,News channel,
30,@ChampionsLeague,UEFA Champions League,51.4,Football league,
31,@realmadrid,Real Madrid CF,50.5,Football club,
32,@jimmyfallon,Jimmy Fallon,49.7,Comedian and television host,
33,@SrBachchan,Amitabh Bachchan,48.8,Actor,
34,@FCBarcelona,FC Barcelona,48.7,Football club,
35,@BTS_twt,BTS,48.5,Musicians,
36,@akshaykumar,Akshay Kumar,46.6,Actor,
37,@MileyCyrus,Miley Cyrus,46.1,Musician and actress,
38,@NBA,NBA,45.9,Basketball league,
39,@BeingSalmanKhan,Salman Khan,45.6,Actor,
40,@JLo,Jennifer Lopez,44.5,Musician and actress,
41,@bts_bighit,BTS,44.2,Musicians,
42,@iamsrk,Shah Rukh Khan,44,Actor,
43,@premierleague,Premier League,43.5,Football league,
44,@SportsCenter,SportsCenter,43.1,Sports channel,
45,@BrunoMars,Bruno Mars,42.3,Musician,
46,@Oprah,Oprah Winfrey,41.6,Television personality,
47,@BBCWorld,BBC World News,40.7,News channel,
48,@NiallOfficial,Niall Horan,39.9,Musician,
49,@KylieJenner,Kylie Jenner,39.8,Television personality,
