Rank,Channel,Videos,Subscribers,Views
#1,MrBeast,803,291M,53.09B
#2,T-Series,21.28K,268M,259.16B
#3,Cocomelon - Nursery Rhymes,1.19K,177M,182.88B
#4,SET India,140.26K,174M,165.72B
#5,✿ Kids Diana Show,1.23K,123M,104.06B
#6,Vlad and Niki,731,120M,91.84B
#7,Like Nastya,887,117M,101.57B
#8,PewDiePie,4.77K,111M,29.33B
#9,Zee Music Company,11.44K,108M,67.37B
#10,WWE,77.17K,102M,85.58B
#11,Goldmines,8.66K,97.7M,29.23B
#12,BLACKPINK,597,94.1M,36.02B
#13,Sony SAB,86.81K,93.2M,116.19B
#14,ChuChu TV Nursery Rhymes & Kids Songs,802,91.6M,51.32B
#15,Zee TV,178.33K,81.4M,90.96B
#16,5-Minute Crafts,7.09K,80.7M,27.45B
#17,BANGTANTV,2.52K,78.4M,22.97B
#18,Baby Shark - Pinkfong Kids’ Songs & Stories,3.25K,75.7M,44.26B
#19,HYBE LABELS,1.9K,75.1M,34.61B
#20,Colors TV,154.34K,73.6M,71.61B
#21,Justin Bieber,249,73.1M,32.63B
#22,Stokes Twins,309,71.1M,10.11B
#23,Shemaroo Filmi Gaane,8.62K,68.7M,29.43B
#24,T-Series Bhakti Sagar,28.13K,68.1M,34.25B
#25,Canal KondZilla,2.82K,67.2M,38.34B
#26,Tips Official,5.95K,66.7M,39.26B
#27,Aaj Tak,370.39K,65.7M,32.32B
#28,El Reino Infantil,1.49K,64.7M,60.9B
#29,Infobells - Hindi,680,62.8M,36.42B
#30,Wave Music,20.21K,62.2M,42.87B
#31,Movieclips,40.73K,61.6M,62.42B
#32,Sony Music India,4.76K,60.8M,32.2B
#33,EminemMusic,166,60.7M,30.04B
#34,YRF,4.12K,60.4M,41.47B
#35,Dude Perfect,439,60.3M,17.51B
#36,Taylor Swift,269,59.4M,35.44B
#37,ZAMZAM ELECTRONICS TRADING,17.81K,59.1M,27.3B
#38,Toys and Colors,1.26K,57.8M,67.1B
#39,Marshmello,486,57.2M,15.9B
#40,LooLoo Kids - Nursery Rhymes and Children's Songs,853,57.1M,34.8B
#41,BillionSurpriseToys  - Nursery Rhymes & Cartoons,1.07K,56.9M,11.67B
#42,A4,923,56.8M,29.16B
#43,HAR PAL GEO,135.49K,55.4M,54.65B
#44,Ed Sheeran,507,54.8M,32.44B
#45,PANDA BOI,1.1K,54.8M,24.49B
#46,Ariana Grande,197,54.3M,26.21B
#47,ARY Digital HD,140.78K,54.2M,51.68B
#48,Mark Rober,159,54M,6.52B
#49,Shemaroo,12.41K,53.8M,24.67B
#50,Fede Vigevani,1.34K,52.4M,14.5B
#51,Billie Eilish,125,52.1M,16.05B
#52,KL BRO Biju Rithvik,2.57K,51.4M,41.2B
#53,SonyMusicIndiaVEVO,3.75K,50.8M,31.21B
#54,Mikecrack,2.04K,50.6M,18.66B
#55,JuegaGerman,2.18K,50.4M,15.52B
#56,YOLO AVENTURAS,2.4K,50.1M,16.5B
#57,Jess No Limit,2.96K,50M,6.54B
#58,आचार्य प्रशान्त - Acharya Prashant,10.52K,49.7M,2.7B
#59,ABS-CBN Entertainment,227.62K,48.4M,55.08B
#60,Bad Bunny,155,47.9M,35.36B
#61,BETER BÖCÜK,4.82K,47.9M,28.67B
#62,Voot Kids,5.91K,47.6M,22.85B
#63,Fernanfloo,546,47.5M,10.61B
#64,Badabun,22.06K,47.4M,19.77B
#65,Alan Chikin Chow,1.25K,47.3M,40.77B
#66,Felipe Neto,4.94K,46.4M,17.73B
#67,Shakira,358,46.3M,30.35B
#68,Ricis Official,4.43K,46.2M,7.79B
#69,Alan Walker,586,45.6M,14.26B
#70,Você Sabia?,1.69K,45.5M,8.07B
#71,Ishtar Music,4.63K,45.4M,19.47B
#72,Katy Perry,144,45.1M,26.8B
#73,Kimberly Loaiza,316,45.1M,6.61B
#74,shfa2 - شفا,1.77K,44.7M,27.86B
#75,whinderssonnunes,783,44.7M,4.52B
#76,BRIGHT SIDE,8.08K,44.6M,11.17B
#77,LUCCAS NETO - LUCCAS TOON,2.76K,44.4M,25.55B
#78,StarPlus,91.26K,44.2M,44.48B
#79,Speed Records,11.53K,44.2M,29.06B
#80,MrBeast Gaming,141,44.2M,7.94B
#81,ABP NEWS,385.5K,44M,17.43B
#82,HolaSoyGerman.,136,43.9M,4.89B
#83,MrBeast 2,114,43.5M,6.8B
#84,shfa,1.13K,43.4M,25.31B
#85,Like Nastya Show,715,43.4M,20.54B
#86,Rihanna,88,43.3M,24.34B
#87,Sony PAL,28.62K,43.2M,33B
#88,Maria Clara & JP,825,42.9M,27.93B
#89,Luisito Comunica,1.36K,42.9M,9.8B
#90,DaFuq!?Boom!,296,42.5M,16.85B
#91,Goldmines Gaane Sune Ansune,3.82K,42.4M,19.1B
#92,Alejo Igoa,1.08K,42.2M,17.23B
#93,Total Gaming,503,42.2M,4.28B
#94,CarryMinati,197,42.2M,3.78B
#95,Real fools shorts official,571,42.1M,18.31B
#96,Super Simple Songs - Kids Songs,794,42M,51.1B
#97,Dushyant kukreja,1.21K,42M,25.55B
#98,IndiaTV,307.14K,41.9M,20.51B
#99,김프로KIMPRO,3.24K,41.7M,40.26B
#100,Saregama Music,8.85K,41.4M,19.78B
